filename,reason,value,prototype
apple_pie/1487150.jpg,Duplicate,0.9662,apple_pie/1486972.jpg
apple_pie/3324492.jpg,Duplicate,0.9817,apple_pie/2106005.jpg
apple_pie/3670966.jpg,Duplicate,0.9879,apple_pie/3670548.jpg
apple_pie/839845.jpg,Duplicate,0.9964,apple_pie/839808.jpg
baby_back_ribs/2306066.jpg,Duplicate,0.9862,baby_back_ribs/2306008.jpg
baby_back_ribs/3265047.jpg,Duplicate,1.0,baby_back_ribs/3217591.jpg
baby_back_ribs/620997.jpg,Duplicate,1.0,baby_back_ribs/620996.jpg
baklava/2015716.jpg,Duplicate,0.989,baklava/2015707.jpg
baklava/2186251.jpg,Duplicate,0.9755,baklava/1979583.jpg
baklava/2209150.jpg,Duplicate,0.9746,baklava/2209022.jpg
baklava/3158786.jpg,Duplicate,0.9942,baklava/3158779.jpg
beef_carpaccio/2290534.jpg,Duplicate,0.9698,beef_carpaccio/1391584.jpg
beef_carpaccio/3289048.jpg,Duplicate,0.982,beef_carpaccio/3049536.jpg
beef_carpaccio/679379.jpg,Duplicate,0.9619,beef_carpaccio/1248913.jpg
beef_tartare/2030974.jpg,Duplicate,0.9909,beef_tartare/2030970.jpg
beef_tartare/3646367.jpg,Duplicate,0.9862,beef_tartare/3644625.jpg
beef_tartare/3722200.jpg,Duplicate,0.971,beef_tartare/1141816.jpg
beef_tartare/50036.jpg,Duplicate,1.0,beef_tartare/50022.jpg
beef_tartare/97478.jpg,Duplicate,0.9864,beef_tartare/35446.jpg
beet_salad/1404312.jpg,Duplicate,0.99,beet_salad/1362701.jpg
beet_salad/1855829.jpg,Duplicate,0.9804,beet_salad/1855818.jpg
beet_salad/2671983.jpg,Duplicate,1.0,beet_salad/2595905.jpg
beet_salad/3268468.jpg,Duplicate,0.9686,beet_salad/3246685.jpg
beet_salad/374126.jpg,Duplicate,0.9973,beet_salad/239826.jpg
beignets/2004832.jpg,Duplicate,0.9728,beignets/2004759.jpg
beignets/2706264.jpg,Duplicate,0.9952,beignets/2701567.jpg
beignets/3573964.jpg,Duplicate,0.9674,beignets/3489306.jpg
bibimbap/1792799.jpg,Duplicate,0.9841,bibimbap/1600563.jpg
bibimbap/2399561.jpg,Duplicate,0.9847,bibimbap/2247933.jpg
breakfast_burrito/662423.jpg,Duplicate,1.0,breakfast_burrito/662420.jpg
cannoli/1982944.jpg,Duplicate,0.9933,cannoli/1980830.jpg
cannoli/2295498.jpg,Duplicate,0.9969,cannoli/2294363.jpg
caprese_salad/1411082.jpg,Duplicate,0.991,caprese_salad/1411066.jpg
carrot_cake/3512754.jpg,Duplicate,0.9673,carrot_cake/3325179.jpg
ceviche/172529.jpg,Duplicate,0.9984,ceviche/172523.jpg
ceviche/2523261.jpg,Duplicate,0.9834,ceviche/2450809.jpg
cheese_plate/3026695.jpg,Duplicate,0.9882,cheese_plate/3026694.jpg
cheese_plate/618425.jpg,Duplicate,0.9979,cheese_plate/577991.jpg
chicken_quesadilla/1590716.jpg,Duplicate,1.0,chicken_quesadilla/1579819.jpg
chicken_quesadilla/3004094.jpg,Duplicate,0.9795,chicken_quesadilla/2388429.jpg
chicken_quesadilla/3779974.jpg,Duplicate,0.9795,chicken_quesadilla/2388429.jpg
chicken_quesadilla/535532.jpg,Duplicate,0.9775,chicken_quesadilla/535057.jpg
chicken_quesadilla/535546.jpg,Duplicate,0.9775,chicken_quesadilla/535057.jpg
chicken_wings/834669.jpg,Duplicate,1.0,chicken_wings/820377.jpg
chocolate_cake/51717.jpg,Duplicate,1.0,chocolate_cake/49494.jpg
chocolate_cake/55122.jpg,Duplicate,1.0,chocolate_cake/49494.jpg
churros/1683636.jpg,Duplicate,0.9632,churros/1683080.jpg
churros/2617186.jpg,Duplicate,1.0,churros/2547960.jpg
churros/3303373.jpg,Duplicate,0.9681,churros/3303267.jpg
churros/3303522.jpg,Duplicate,0.9681,churros/3303267.jpg
churros/644700.jpg,Duplicate,0.9679,churros/644690.jpg
clam_chowder/1783836.jpg,Duplicate,1.0,clam_chowder/1783810.jpg
clam_chowder/2385341.jpg,Duplicate,0.989,clam_chowder/2385335.jpg
clam_chowder/2754706.jpg,Duplicate,0.9798,clam_chowder/2177233.jpg
club_sandwich/1377451.jpg,Duplicate,0.9792,club_sandwich/1311560.jpg
crab_cakes/1460400.jpg,Duplicate,0.9749,crab_cakes/1456353.jpg
crab_cakes/20845.jpg,Duplicate,0.9981,crab_cakes/20566.jpg
crab_cakes/2194081.jpg,Duplicate,0.9667,crab_cakes/2178650.jpg
crab_cakes/2780621.jpg,Duplicate,0.9749,crab_cakes/2780617.jpg
crab_cakes/2780623.jpg,Duplicate,0.9749,crab_cakes/2780617.jpg
crab_cakes/2780626.jpg,Duplicate,0.9749,crab_cakes/2780617.jpg
creme_brulee/3245776.jpg,Duplicate,0.9894,creme_brulee/3240351.jpg
croque_madame/1306940.jpg,Duplicate,0.9813,croque_madame/1018845.jpg
croque_madame/2962203.jpg,Duplicate,0.9601,croque_madame/2719344.jpg
croque_madame/3414159.jpg,Duplicate,0.9758,croque_madame/3413816.jpg
croque_madame/580678.jpg,Duplicate,0.9628,croque_madame/579919.jpg
croque_madame/878201.jpg,Duplicate,0.9773,croque_madame/878193.jpg
deviled_eggs/1619934.jpg,Duplicate,0.9976,deviled_eggs/1616632.jpg
deviled_eggs/2671994.jpg,Duplicate,1.0,deviled_eggs/2595914.jpg
deviled_eggs/3281495.jpg,Duplicate,0.9871,deviled_eggs/3220239.jpg
deviled_eggs/584369.jpg,Duplicate,0.969,deviled_eggs/553474.jpg
donuts/1954438.jpg,Duplicate,0.999,donuts/1690052.jpg
donuts/2117632.jpg,Duplicate,0.9932,donuts/2106964.jpg
donuts/2499239.jpg,Duplicate,0.98,donuts/2494998.jpg
donuts/2512789.jpg,Duplicate,0.9769,donuts/2512779.jpg
dumplings/180290.jpg,Duplicate,1.0,dumplings/167000.jpg
dumplings/1872410.jpg,Duplicate,0.9955,dumplings/1848359.jpg
edamame/1821106.jpg,Duplicate,1.0,edamame/1638436.jpg
edamame/1969958.jpg,Duplicate,0.9953,edamame/1928733.jpg
edamame/2803276.jpg,Duplicate,0.964,edamame/2798042.jpg
edamame/3028728.jpg,Duplicate,0.9749,edamame/3024335.jpg
edamame/3112981.jpg,Duplicate,0.9749,edamame/3024335.jpg
eggs_benedict/2748311.jpg,Duplicate,0.9728,caesar_salad/2751304.jpg
escargots/1637284.jpg,Duplicate,0.9944,escargots/1623641.jpg
escargots/3688869.jpg,Duplicate,0.9839,escargots/3667329.jpg
escargots/637187.jpg,Duplicate,0.9769,escargots/637185.jpg
escargots/637188.jpg,Duplicate,0.9769,escargots/637185.jpg
escargots/637190.jpg,Duplicate,0.9769,escargots/637185.jpg
falafel/1206667.jpg,Duplicate,0.979,falafel/1190137.jpg
falafel/295629.jpg,Duplicate,0.9988,falafel/243177.jpg
falafel/3882357.jpg,Duplicate,1.0,falafel/3572759.jpg
filet_mignon/646511.jpg,Duplicate,0.983,filet_mignon/633005.jpg
foie_gras/21278.jpg,Duplicate,0.9967,foie_gras/11934.jpg
foie_gras/2857159.jpg,Duplicate,0.963,foie_gras/2808949.jpg
foie_gras/2870358.jpg,Duplicate,0.9701,foie_gras/1577695.jpg
foie_gras/3105826.jpg,Duplicate,0.9623,foie_gras/2913260.jpg
foie_gras/79314.jpg,Duplicate,0.9973,foie_gras/71471.jpg
french_fries/3029784.jpg,Duplicate,0.9806,french_fries/3025133.jpg
french_onion_soup/1544919.jpg,Duplicate,0.9812,french_onion_soup/1502788.jpg
french_onion_soup/1741875.jpg,Duplicate,1.0,french_onion_soup/1741871.jpg
french_onion_soup/3523026.jpg,Duplicate,0.9917,french_onion_soup/3488762.jpg
french_onion_soup/379507.jpg,Duplicate,0.9847,french_onion_soup/1196384.jpg
french_toast/3688678.jpg,Duplicate,0.9937,french_toast/2863470.jpg
fried_calamari/1995530.jpg,Duplicate,0.9979,fried_calamari/1226078.jpg
fried_calamari/881518.jpg,Duplicate,1.0,fried_calamari/835953.jpg
fried_calamari/95861.jpg,Duplicate,0.9941,fried_calamari/42205.jpg
fried_rice/3781735.jpg,Duplicate,0.9811,fried_rice/3775247.jpg
frozen_yogurt/610025.jpg,Duplicate,0.9888,frozen_yogurt/610008.jpg
gnocchi/1361375.jpg,Duplicate,0.9933,gnocchi/1361278.jpg
gnocchi/1554203.jpg,Duplicate,0.9777,gnocchi/1554161.jpg
gnocchi/1706909.jpg,Duplicate,1.0,gnocchi/1706892.jpg
gnocchi/2614187.jpg,Duplicate,0.9899,gnocchi/2602894.jpg
greek_salad/3272361.jpg,Duplicate,0.9666,greek_salad/3234637.jpg
grilled_cheese_sandwich/2106736.jpg,Duplicate,0.979,grilled_cheese_sandwich/2106713.jpg
grilled_salmon/1574235.jpg,Duplicate,1.0,grilled_salmon/1574226.jpg
grilled_salmon/2374480.jpg,Duplicate,0.965,grilled_salmon/2367246.jpg
grilled_salmon/2684.jpg,Duplicate,0.9954,grilled_salmon/18863.jpg
grilled_salmon/606368.jpg,Duplicate,1.0,grilled_salmon/599021.jpg
grilled_salmon/793308.jpg,Duplicate,0.9782,grilled_salmon/793302.jpg
hamburger/2214528.jpg,Duplicate,0.9894,french_fries/2214535.jpg
hamburger/3783650.jpg,Duplicate,1.0,hamburger/3578279.jpg
hot_and_sour_soup/3918910.jpg,Duplicate,0.9632,hot_and_sour_soup/3257336.jpg
hot_dog/1051643.jpg,Duplicate,0.9992,hot_dog/1051628.jpg
hot_dog/3497633.jpg,Duplicate,0.9898,hot_dog/1335350.jpg
hot_dog/413426.jpg,Duplicate,0.9992,hot_dog/410713.jpg
huevos_rancheros/244771.jpg,Duplicate,0.9993,huevos_rancheros/244261.jpg
huevos_rancheros/3391374.jpg,Duplicate,0.9905,huevos_rancheros/3361866.jpg
hummus/584629.jpg,Duplicate,0.9643,hummus/584580.jpg
hummus/622847.jpg,Duplicate,1.0,hummus/620711.jpg
lasagna/1737120.jpg,Duplicate,1.0,lasagna/1729580.jpg
lasagna/2399575.jpg,Duplicate,1.0,lasagna/2399534.jpg
lasagna/3038573.jpg,Duplicate,0.9758,lasagna/3017550.jpg
lobster_bisque/1702181.jpg,Duplicate,0.9673,lobster_bisque/1702176.jpg
lobster_bisque/2051827.jpg,Duplicate,0.9863,lobster_bisque/2051817.jpg
lobster_roll_sandwich/2500408.jpg,Duplicate,0.9672,lobster_roll_sandwich/2492003.jpg
lobster_roll_sandwich/314242.jpg,Duplicate,0.9992,lobster_roll_sandwich/314216.jpg
lobster_roll_sandwich/342544.jpg,Duplicate,0.9984,lobster_roll_sandwich/1051669.jpg
lobster_roll_sandwich/667224.jpg,Duplicate,0.9987,lobster_roll_sandwich/667218.jpg
macaroni_and_cheese/3108607.jpg,Duplicate,0.9789,macaroni_and_cheese/1147203.jpg
macarons/548938.jpg,Duplicate,1.0,macarons/548231.jpg
miso_soup/1432503.jpg,Duplicate,0.9709,miso_soup/1190869.jpg
miso_soup/552422.jpg,Duplicate,0.9869,miso_soup/552420.jpg
miso_soup/581842.jpg,Duplicate,0.9864,miso_soup/567653.jpg
mussels/3238774.jpg,Duplicate,0.9954,mussels/3139903.jpg
nachos/3382395.jpg,Duplicate,0.9739,nachos/3382163.jpg
omelette/1451610.jpg,Duplicate,0.9806,omelette/1227395.jpg
omelette/1748616.jpg,Duplicate,0.9936,omelette/1600856.jpg
omelette/534879.jpg,Duplicate,0.9954,omelette/532639.jpg
paella/2041885.jpg,Duplicate,0.9845,paella/1977887.jpg
paella/2843371.jpg,Duplicate,0.9943,paella/2782908.jpg
paella/3468319.jpg,Duplicate,0.9976,paella/3457757.jpg
paella/575389.jpg,Duplicate,0.9622,paella/575346.jpg
pancakes/92527.jpg,Duplicate,1.0,pancakes/85516.jpg
panna_cotta/1566367.jpg,Duplicate,1.0,panna_cotta/1565927.jpg
panna_cotta/3011399.jpg,Duplicate,1.0,panna_cotta/2995960.jpg
panna_cotta/379475.jpg,Duplicate,0.9659,panna_cotta/1196284.jpg
peking_duck/2551971.jpg,Duplicate,0.9678,peking_duck/2551922.jpg
peking_duck/3375577.jpg,Duplicate,0.9678,peking_duck/2551922.jpg
peking_duck/3852210.jpg,Duplicate,0.9759,peking_duck/3225072.jpg
pho/1512455.jpg,Duplicate,0.9781,pho/1496796.jpg
pho/1521706.jpg,Duplicate,0.9773,pho/1517043.jpg
pho/3741977.jpg,Duplicate,0.9664,pho/3727895.jpg
pho/556690.jpg,Duplicate,0.9742,pho/555835.jpg
pho/651427.jpg,Duplicate,1.0,pho/51122.jpg
pork_chop/3846969.jpg,Duplicate,0.9863,pork_chop/3841787.jpg
poutine/677155.jpg,Duplicate,0.9822,poutine/573431.jpg
prime_rib/1866825.jpg,Duplicate,0.9756,prime_rib/1852556.jpg
prime_rib/2103627.jpg,Duplicate,0.9875,prime_rib/2092352.jpg
prime_rib/282995.jpg,Duplicate,0.999,prime_rib/282983.jpg
prime_rib/3275771.jpg,Duplicate,0.9975,prime_rib/3248850.jpg
prime_rib/335176.jpg,Duplicate,0.9961,prime_rib/335147.jpg
prime_rib/478971.jpg,Duplicate,0.9982,prime_rib/478968.jpg
prime_rib/680470.jpg,Duplicate,1.0,prime_rib/680463.jpg
prime_rib/71719.jpg,Duplicate,0.9984,prime_rib/66533.jpg
prime_rib/92331.jpg,Duplicate,0.9617,prime_rib/34793.jpg
pulled_pork_sandwich/2044699.jpg,Duplicate,0.9724,pulled_pork_sandwich/2044698.jpg
pulled_pork_sandwich/3318245.jpg,Duplicate,0.9988,pulled_pork_sandwich/3318161.jpg
ramen/1496711.jpg,Duplicate,0.9751,ramen/1491385.jpg
ravioli/212038.jpg,Duplicate,0.9769,ravioli/145613.jpg
ravioli/2793794.jpg,Duplicate,0.9952,ravioli/2654580.jpg
ravioli/584114.jpg,Duplicate,0.9966,ravioli/1069696.jpg
red_velvet_cake/2347914.jpg,Duplicate,0.9942,red_velvet_cake/2092497.jpg
red_velvet_cake/2927318.jpg,Duplicate,0.9718,red_velvet_cake/2210883.jpg
red_velvet_cake/294701.jpg,Duplicate,0.9987,red_velvet_cake/294698.jpg
red_velvet_cake/3641990.jpg,Duplicate,0.9712,red_velvet_cake/3632882.jpg
red_velvet_cake/738659.jpg,Duplicate,0.96,red_velvet_cake/737821.jpg
red_velvet_cake/765959.jpg,Duplicate,0.9778,red_velvet_cake/754664.jpg
red_velvet_cake/765983.jpg,Duplicate,0.9778,red_velvet_cake/754664.jpg
risotto/303964.jpg,Duplicate,0.9741,risotto/286407.jpg
samosa/1727503.jpg,Duplicate,0.9746,samosa/1721629.jpg
samosa/529285.jpg,Duplicate,0.9732,samosa/528024.jpg
samosa/652074.jpg,Duplicate,0.9795,samosa/651345.jpg
samosa/918899.jpg,Duplicate,0.9894,samosa/1027543.jpg
scallops/921290.jpg,Duplicate,0.9622,scallops/3456941.jpg
seaweed_salad/2944779.jpg,Duplicate,0.9888,seaweed_salad/1204673.jpg
shrimp_and_grits/306215.jpg,Duplicate,0.9968,shrimp_and_grits/296394.jpg
spaghetti_carbonara/2192677.jpg,Duplicate,0.9688,spaghetti_carbonara/1969954.jpg
spaghetti_carbonara/3302076.jpg,Duplicate,0.996,spaghetti_carbonara/3298793.jpg
spaghetti_carbonara/3552167.jpg,Duplicate,0.9884,spaghetti_carbonara/3542036.jpg
spaghetti_carbonara/501296.jpg,Duplicate,1.0,spaghetti_carbonara/501277.jpg
strawberry_shortcake/2164444.jpg,Duplicate,0.9801,strawberry_shortcake/2058529.jpg
strawberry_shortcake/2793734.jpg,Duplicate,0.997,strawberry_shortcake/2750429.jpg
strawberry_shortcake/2926631.jpg,Duplicate,1.0,strawberry_shortcake/2917154.jpg
strawberry_shortcake/587263.jpg,Duplicate,1.0,strawberry_shortcake/587260.jpg
strawberry_shortcake/619928.jpg,Duplicate,0.9642,strawberry_shortcake/619917.jpg
sushi/1033302.jpg,Duplicate,0.9611,seaweed_salad/1033321.jpg
tuna_tartare/1628008.jpg,Duplicate,0.9636,beef_tartare/1628031.jpg
tuna_tartare/2940010.jpg,Duplicate,0.9816,tuna_tartare/2939715.jpg
apple_pie/236966.jpg,Outlier,0.645789,
baklava/1553505.jpg,Outlier,0.653943,
baklava/3278527.jpg,Outlier,0.666101,
beignets/3506219.jpg,Outlier,0.670426,
beignets/726875.jpg,Outlier,0.67073,
bibimbap/3230839.jpg,Outlier,0.662197,
bread_pudding/1375816.jpg,Outlier,0.641938,
bruschetta/1883187.jpg,Outlier,0.656938,
cannoli/1070382.jpg,Outlier,0.666555,
ceviche/2363511.jpg,Outlier,0.650691,
cheesecake/2160930.jpg,Outlier,0.642433,
cheesecake/811556.jpg,Outlier,0.672205,
chicken_curry/2523126.jpg,Outlier,0.648301,
chocolate_cake/1244445.jpg,Outlier,0.671497,
chocolate_cake/1646662.jpg,Outlier,0.664741,
chocolate_cake/1749296.jpg,Outlier,0.667321,
chocolate_cake/2518457.jpg,Outlier,0.58621,
chocolate_cake/3600589.jpg,Outlier,0.671584,
chocolate_cake/577717.jpg,Outlier,0.674653,
chocolate_mousse/2177988.jpg,Outlier,0.668068,
churros/1440917.jpg,Outlier,0.657561,
churros/1944265.jpg,Outlier,0.654462,
creme_brulee/1661605.jpg,Outlier,0.627024,
cup_cakes/1005580.jpg,Outlier,0.645593,
cup_cakes/2590269.jpg,Outlier,0.658422,
cup_cakes/451074.jpg,Outlier,0.644784,
cup_cakes/630654.jpg,Outlier,0.664203,
donuts/794976.jpg,Outlier,0.673315,
edamame/2979095.jpg,Outlier,0.64569,
foie_gras/235773.jpg,Outlier,0.654145,
french_toast/1040076.jpg,Outlier,0.67087,
fried_calamari/440673.jpg,Outlier,0.662426,
frozen_yogurt/3480831.jpg,Outlier,0.662493,
grilled_cheese_sandwich/185843.jpg,Outlier,0.656585,
grilled_cheese_sandwich/235659.jpg,Outlier,0.669157,
grilled_salmon/795787.jpg,Outlier,0.626125,
hamburger/1608876.jpg,Outlier,0.603555,
hot_dog/3222202.jpg,Outlier,0.65485,
hot_dog/607289.jpg,Outlier,0.674978,
hummus/3065799.jpg,Outlier,0.67254,
ice_cream/1793992.jpg,Outlier,0.653374,
ice_cream/1837798.jpg,Outlier,0.623463,
ice_cream/2012607.jpg,Outlier,0.66269,
ice_cream/2458209.jpg,Outlier,0.64539,
lasagna/3787908.jpg,Outlier,0.673217,
lobster_bisque/197569.jpg,Outlier,0.66647,
macaroni_and_cheese/912672.jpg,Outlier,0.620208,
macarons/1671595.jpg,Outlier,0.661377,
macarons/2552948.jpg,Outlier,0.668105,
macarons/2591602.jpg,Outlier,0.601023,
macarons/2742302.jpg,Outlier,0.668342,
macarons/3537376.jpg,Outlier,0.639738,
macarons/536991.jpg,Outlier,0.672662,
macarons/639127.jpg,Outlier,0.651297,
miso_soup/3215987.jpg,Outlier,0.669706,
miso_soup/881247.jpg,Outlier,0.651118,
mussels/3139903.jpg,Outlier,0.666201,
mussels/3238774.jpg,Outlier,0.656426,
onion_rings/2447676.jpg,Outlier,0.655961,
pad_thai/2614597.jpg,Outlier,0.592614,
peking_duck/388951.jpg,Outlier,0.674653,
pho/1840846.jpg,Outlier,0.591897,
pho/2399877.jpg,Outlier,0.573438,
pizza/2693334.jpg,Outlier,0.653324,
prime_rib/125282.jpg,Outlier,0.670236,
prime_rib/587532.jpg,Outlier,0.607057,
red_velvet_cake/1279265.jpg,Outlier,0.668811,
red_velvet_cake/2894652.jpg,Outlier,0.635228,
shrimp_and_grits/1047420.jpg,Outlier,0.54816,
spaghetti_bolognese/2117379.jpg,Outlier,0.654166,
steak/2788759.jpg,Outlier,0.67254,
sushi/1073711.jpg,Outlier,0.668306,
sushi/3100962.jpg,Outlier,0.547157,
tacos/1091159.jpg,Outlier,0.599306,
tacos/1505262.jpg,Outlier,0.579079,
apple_pie/3915887.jpg,Blur,59.565,
apple_pie/471995.jpg,Blur,81.9812,
baklava/1362313.jpg,Blur,96.5123,
baklava/1413667.jpg,Blur,41.3781,
baklava/3681797.jpg,Blur,45.5609,
baklava/3728664.jpg,Blur,53.1818,
baklava/3877397.jpg,Blur,38.884,
baklava/683225.jpg,Blur,47.2227,
beef_carpaccio/453819.jpg,Blur,85.0757,
beet_salad/1324013.jpg,Blur,95.7653,
beet_salad/1508566.jpg,Blur,93.6762,
beet_salad/2710842.jpg,Blur,66.7099,
beignets/726875.jpg,Blur,45.9959,
bread_pudding/1191029.jpg,Blur,64.1261,
bread_pudding/275562.jpg,Blur,88.9779,
bread_pudding/3076539.jpg,Blur,76.0916,
bread_pudding/444890.jpg,Blur,21.3909,
bread_pudding/612326.jpg,Blur,55.1193,
bread_pudding/956101.jpg,Blur,87.4769,
breakfast_burrito/2182358.jpg,Blur,88.9962,
breakfast_burrito/2428601.jpg,Blur,70.2281,
breakfast_burrito/2845140.jpg,Blur,98.9422,
breakfast_burrito/462294.jpg,Blur,9.0875,
breakfast_burrito/805595.jpg,Blur,64.0066,
breakfast_burrito/993373.jpg,Blur,58.6793,
cannoli/3627612.jpg,Blur,95.2496,
caprese_salad/218658.jpg,Blur,94.5809,
carrot_cake/1204376.jpg,Blur,97.3737,
carrot_cake/345630.jpg,Blur,37.8985,
cheese_plate/1070985.jpg,Blur,91.423,
cheese_plate/1285113.jpg,Blur,85.5797,
chicken_quesadilla/1952791.jpg,Blur,98.8872,
chocolate_cake/462066.jpg,Blur,92.9007,
chocolate_mousse/1653769.jpg,Blur,42.7645,
chocolate_mousse/1734966.jpg,Blur,84.0864,
chocolate_mousse/2616372.jpg,Blur,92.4882,
chocolate_mousse/343137.jpg,Blur,87.2593,
chocolate_mousse/3903549.jpg,Blur,56.1867,
chocolate_mousse/766461.jpg,Blur,91.3919,
churros/1142581.jpg,Blur,90.0899,
clam_chowder/1000678.jpg,Blur,88.7083,
clam_chowder/1472641.jpg,Blur,48.8003,
clam_chowder/149643.jpg,Blur,95.768,
clam_chowder/1624715.jpg,Blur,74.4736,
clam_chowder/1730633.jpg,Blur,77.3077,
clam_chowder/2094936.jpg,Blur,80.195,
clam_chowder/2250407.jpg,Blur,34.5124,
clam_chowder/2279705.jpg,Blur,61.6261,
clam_chowder/2706952.jpg,Blur,79.4131,
clam_chowder/3118063.jpg,Blur,94.4452,
clam_chowder/908590.jpg,Blur,26.4281,
club_sandwich/493666.jpg,Blur,89.9275,
crab_cakes/3694057.jpg,Blur,84.1387,
creme_brulee/1365780.jpg,Blur,95.7838,
creme_brulee/163889.jpg,Blur,99.86,
creme_brulee/198180.jpg,Blur,63.2688,
creme_brulee/956554.jpg,Blur,85.2471,
cup_cakes/112438.jpg,Blur,72.3249,
cup_cakes/2219167.jpg,Blur,52.63,
cup_cakes/3321964.jpg,Blur,72.8993,
cup_cakes/56108.jpg,Blur,67.0643,
cup_cakes/63497.jpg,Blur,69.8556,
deviled_eggs/1413405.jpg,Blur,74.4292,
deviled_eggs/172858.jpg,Blur,92.8049,
deviled_eggs/2722686.jpg,Blur,73.2243,
donuts/1469810.jpg,Blur,92.256,
donuts/242282.jpg,Blur,50.0535,
donuts/3280241.jpg,Blur,79.3841,
donuts/872191.jpg,Blur,88.5559,
dumplings/124911.jpg,Blur,91.6701,
dumplings/1552205.jpg,Blur,70.0265,
dumplings/1906501.jpg,Blur,74.9123,
dumplings/2174768.jpg,Blur,31.5239,
dumplings/2825570.jpg,Blur,96.0617,
edamame/3220955.jpg,Blur,94.0624,
eggs_benedict/1830519.jpg,Blur,99.7814,
filet_mignon/360600.jpg,Blur,90.8182,
fish_and_chips/818864.jpg,Blur,87.475,
fish_and_chips/981299.jpg,Blur,93.7317,
foie_gras/2005450.jpg,Blur,67.5102,
foie_gras/2203130.jpg,Blur,93.01,
foie_gras/3013264.jpg,Blur,74.7874,
french_fries/1257345.jpg,Blur,73.6767,
french_fries/1348209.jpg,Blur,83.6233,
french_fries/1394977.jpg,Blur,98.55,
french_fries/172042.jpg,Blur,40.897,
french_fries/2348318.jpg,Blur,80.8007,
french_fries/3794090.jpg,Blur,78.5484,
french_fries/660608.jpg,Blur,63.7315,
fried_calamari/2931636.jpg,Blur,95.4747,
fried_rice/217612.jpg,Blur,93.2144,
frozen_yogurt/23272.jpg,Blur,82.256,
frozen_yogurt/3736509.jpg,Blur,61.4372,
frozen_yogurt/630576.jpg,Blur,73.8097,
garlic_bread/554469.jpg,Blur,98.0197,
gnocchi/3167362.jpg,Blur,41.1794,
gnocchi/574058.jpg,Blur,93.7729,
greek_salad/3733994.jpg,Blur,88.1863,
grilled_cheese_sandwich/1272855.jpg,Blur,93.0237,
grilled_cheese_sandwich/193956.jpg,Blur,78.241,
grilled_cheese_sandwich/487393.jpg,Blur,92.9448,
grilled_cheese_sandwich/937104.jpg,Blur,92.0149,
gyoza/1232134.jpg,Blur,52.9395,
gyoza/1753888.jpg,Blur,54.5476,
gyoza/2712704.jpg,Blur,39.3872,
gyoza/462705.jpg,Blur,89.7092,
hamburger/3702789.jpg,Blur,64.1147,
hot_and_sour_soup/1674538.jpg,Blur,94.3046,
hot_and_sour_soup/2550332.jpg,Blur,60.8402,
hot_and_sour_soup/446205.jpg,Blur,97.9804,
hot_dog/1224013.jpg,Blur,79.0697,
hot_dog/1282229.jpg,Blur,85.3867,
hot_dog/3050169.jpg,Blur,28.9824,
hot_dog/3336331.jpg,Blur,81.5045,
hot_dog/917699.jpg,Blur,43.3361,
hummus/1785054.jpg,Blur,59.4718,
hummus/3102377.jpg,Blur,80.1277,
hummus/3707400.jpg,Blur,37.5194,
ice_cream/1837798.jpg,Blur,76.1136,
ice_cream/893681.jpg,Blur,53.6127,
lobster_bisque/1445336.jpg,Blur,66.5714,
lobster_bisque/1463747.jpg,Blur,58.9473,
lobster_bisque/1481054.jpg,Blur,69.5262,
lobster_bisque/2826205.jpg,Blur,69.439,
lobster_bisque/2978140.jpg,Blur,48.6513,
lobster_bisque/3252397.jpg,Blur,80.3434,
lobster_bisque/3371498.jpg,Blur,53.1654,
lobster_bisque/3462407.jpg,Blur,87.9836,
lobster_bisque/353321.jpg,Blur,40.1626,
lobster_bisque/3581131.jpg,Blur,92.0562,
lobster_bisque/688344.jpg,Blur,76.1507,
macaroni_and_cheese/263832.jpg,Blur,54.1257,
macaroni_and_cheese/3786594.jpg,Blur,52.3521,
macaroni_and_cheese/3828240.jpg,Blur,86.7841,
macarons/1627847.jpg,Blur,67.8942,
macarons/2117640.jpg,Blur,39.6907,
macarons/2119627.jpg,Blur,92.9121,
macarons/2228249.jpg,Blur,62.547,
macarons/2250703.jpg,Blur,54.881,
macarons/761324.jpg,Blur,87.3713,
miso_soup/1079103.jpg,Blur,78.401,
miso_soup/2245069.jpg,Blur,82.0255,
miso_soup/2456800.jpg,Blur,60.3305,
miso_soup/2757717.jpg,Blur,39.9276,
miso_soup/3119410.jpg,Blur,80.544,
miso_soup/3215987.jpg,Blur,22.5841,
miso_soup/437828.jpg,Blur,76.7799,
miso_soup/881247.jpg,Blur,87.688,
miso_soup/939178.jpg,Blur,94.6714,
oysters/1126413.jpg,Blur,99.4933,
oysters/933713.jpg,Blur,77.3017,
panna_cotta/1112624.jpg,Blur,82.2071,
panna_cotta/1200035.jpg,Blur,65.6964,
panna_cotta/2058134.jpg,Blur,58.3836,
panna_cotta/2469457.jpg,Blur,48.8619,
panna_cotta/273835.jpg,Blur,91.3746,
panna_cotta/2824744.jpg,Blur,99.0291,
panna_cotta/3421628.jpg,Blur,62.9691,
peking_duck/721432.jpg,Blur,53.8882,
pizza/2412970.jpg,Blur,45.0252,
pizza/670201.jpg,Blur,70.1099,
poutine/365017.jpg,Blur,89.6371,
pulled_pork_sandwich/55653.jpg,Blur,78.4538,
ravioli/2107859.jpg,Blur,84.8647,
ravioli/2621093.jpg,Blur,99.494,
samosa/43271.jpg,Blur,79.7057,
sashimi/1974913.jpg,Blur,97.6941,
spring_rolls/1745022.jpg,Blur,83.3547,
spring_rolls/2981307.jpg,Blur,63.8263,
spring_rolls/3149523.jpg,Blur,46.8859,
spring_rolls/3627865.jpg,Blur,89.8696,
spring_rolls/406134.jpg,Blur,36.7776,
strawberry_shortcake/113509.jpg,Blur,90.2477,
strawberry_shortcake/3363461.jpg,Blur,34.7576,
strawberry_shortcake/39804.jpg,Blur,96.9368,
strawberry_shortcake/724604.jpg,Blur,66.9932,
sushi/1930318.jpg,Blur,56.3319,
sushi/3100962.jpg,Blur,50.4749,
tacos/1007867.jpg,Blur,72.1257,
tacos/1505262.jpg,Blur,36.0844,
tacos/264641.jpg,Blur,98.6914,
takoyaki/537390.jpg,Blur,99.2592,
tiramisu/3741606.jpg,Blur,82.2745,
tuna_tartare/3524553.jpg,Blur,68.8202,
tuna_tartare/605681.jpg,Blur,82.3792,
baklava/2727113.jpg,Dark,18.8241,
beef_tartare/2559298.jpg,Dark,15.9107,
beet_salad/2975894.jpg,Dark,15.8949,
beignets/1320580.jpg,Dark,19.397,
bibimbap/1229620.jpg,Dark,14.2346,
bread_pudding/444890.jpg,Dark,16.188,
breakfast_burrito/462294.jpg,Dark,2.0994,
bruschetta/2942349.jpg,Dark,19.5398,
caesar_salad/1019118.jpg,Dark,18.7189,
cheese_plate/3119696.jpg,Dark,17.8733,
chicken_wings/2053850.jpg,Dark,19.8299,
chocolate_mousse/1653769.jpg,Dark,18.3912,
churros/3867252.jpg,Dark,18.1471,
crab_cakes/3472601.jpg,Dark,18.889,
crab_cakes/3694057.jpg,Dark,14.4314,
creme_brulee/2218031.jpg,Dark,18.1952,
escargots/596483.jpg,Dark,19.4031,
filet_mignon/3030737.jpg,Dark,15.0424,
filet_mignon/488076.jpg,Dark,18.2427,
fish_and_chips/3471132.jpg,Dark,16.2864,
gnocchi/2624421.jpg,Dark,16.8724,
grilled_cheese_sandwich/3141489.jpg,Dark,17.8383,
guacamole/485942.jpg,Dark,17.1672,
lasagna/1675979.jpg,Dark,12.8861,
lobster_bisque/3355351.jpg,Dark,18.0882,
macarons/2591602.jpg,Dark,19.237,
mussels/1026090.jpg,Dark,18.7433,
mussels/1525733.jpg,Dark,17.0322,
oysters/35376.jpg,Dark,15.9927,
oysters/933713.jpg,Dark,12.873,
paella/1554094.jpg,Dark,18.7911,
panna_cotta/3405936.jpg,Dark,18.1929,
pho/123824.jpg,Dark,18.0098,
pizza/3803596.jpg,Dark,15.2937,
pulled_pork_sandwich/555512.jpg,Dark,13.0013,
ramen/1222396.jpg,Dark,11.9448,
samosa/2754961.jpg,Dark,19.1491,
samosa/987023.jpg,Dark,12.5025,
sashimi/182979.jpg,Dark,19.0584,
sashimi/2160399.jpg,Dark,13.8949,
sashimi/241368.jpg,Dark,15.7813,
scallops/3314913.jpg,Dark,13.7173,
spring_rolls/182658.jpg,Dark,8.9502,
bread_pudding/444890.jpg,File-Size,9715.0,
breakfast_burrito/462294.jpg,File-Size,8693.0,
